title,company,location,link
Software Developer,Seen by Indeed,"Indianapolis, IN",https://www.indeed.com/viewjob?jk=267531d0959d71f5
Javascript Developer,Seen by Indeed,"Indianapolis, IN",https://www.indeed.com/viewjob?jk=8cb82641ae11ee50
AngularJS Developer,Seen by Indeed,"Indianapolis, IN",https://www.indeed.com/viewjob?jk=b2c224faa8b5dd24
Java Developer,Seen by Indeed,"Indianapolis, IN",https://www.indeed.com/viewjob?jk=0711a6111c09cc93
Software Developer,American Alliance of Orthopaedic Executives,"Indianapolis, IN",https://www.indeed.com/viewjob?jk=25912fa49902fb00
C# Developer,Seen by Indeed,"Indianapolis, IN",https://www.indeed.com/viewjob?jk=cd8d15e71cc15abc
Embedded Systems Software Intern,"Radian Research, Inc.","Lafayette, IN",https://www.indeed.com/viewjob?jk=a3419e8c659b60fb
Software Developer,"Point Comfort Underwriters, Inc.","Indianapolis, IN",https://www.indeed.com/viewjob?jk=92073c4b8c8771ee
.NET Developer,Seen by Indeed,"Indianapolis, IN",https://www.indeed.com/viewjob?jk=c0b84e7b1d22d520
Software Engineer Part-Time,Rogo (RogoAg.com),"West Lafayette, IN",https://www.indeed.com/viewjob?jk=2299400e20d4734b
Software Developer III,Cook Group,"West Lafayette, IN",https://www.indeed.com/viewjob?jk=1aceb6226aa13dbc
Entry Level Accenture Technology Software Engineer,Accenture,"Indianapolis, IN",https://www.indeed.com/viewjob?jk=7602e9d2e43e4634
Software Developer,VizSeek,"West Lafayette, IN",https://www.indeed.com/viewjob?jk=d25771d3797dae63
Software Engineer,Mercury Systems,"West Lafayette, IN",https://www.indeed.com/viewjob?jk=787fa804c34b53ec
Entry Level Accenture Technology Software Engineer Associate,Accenture,"Indianapolis, IN",https://www.indeed.com/viewjob?jk=1047be82ea9181a9
Software Engineering Intern,Hewlett Packard Enterprise,"West Lafayette, IN",https://www.indeed.com/viewjob?jk=9779fe06b3ac6442
"Software Engineer, Part Time",Rogo Ag,"West Lafayette, IN",https://www.indeed.com/viewjob?jk=416e3a477fed3030
Software Dev Engineer I,Oath Inc,"Champaign, IL",https://www.indeed.com/viewjob?jk=ecb42283f15c52ea
Software Engineering Intern,Oath Inc,"Champaign, IL",https://www.indeed.com/viewjob?jk=0629d7480627d383
Metrology Software Engineering Co-op Spring 2020,Landis+Gyr,"Lafayette, IN",https://www.indeed.com/viewjob?jk=027e7d280e57d3e7
Junior Developer,"Lasting Change, Inc.","Fort Wayne, IN",https://www.indeed.com/viewjob?jk=1cbdda852926eb93
Software Engineer - New College Grad,Proofpoint,"Indianapolis, IN",https://www.indeed.com/viewjob?jk=8f8a38d6f0a44c63
Software Developer,Oath Inc,"Champaign, IL",https://www.indeed.com/viewjob?jk=69dd1f35f0ede02f
Metrology Software Engineering Co-op Fall 2020,Landis+Gyr,"Lafayette, IN",https://www.indeed.com/viewjob?jk=12b6c8fb5e1beeef
Software Engineer,"VinSense, LLC","West Lafayette, IN",https://www.indeed.com/viewjob?jk=98deacacb47b86ba
Software Engineer,dPict,"Indianapolis, IN",https://www.indeed.com/viewjob?jk=f5c25336c8a148eb
FY20 Graduate Software Development Engineer,Analog Devices,"Munster, IN",https://www.indeed.com/viewjob?jk=a96d87dc5d998632
Application Developer,Ball State University,"Muncie, IN",https://www.indeed.com/viewjob?jk=87f817818f03e4d6
Software Engineer Intern,Project Lead the way,"Indianapolis, IN",https://www.indeed.com/viewjob?jk=ef12f6e487221ca1
Software Developers,Prominic.NET,"Champaign, IL",https://www.indeed.com/viewjob?jk=655cc71657aee488
Software Engineer,Cook Group,"Indianapolis, IN",https://www.indeed.com/viewjob?jk=d4e9ccc236193069
JavaScript Programmer,Sweetwater Sound,"Fort Wayne, IN",https://www.indeed.com/viewjob?jk=c367e5562a9efa66
Graduate Software Engineering Opportunities,Analog Devices,"Munster, IN",https://www.indeed.com/viewjob?jk=4840d54a5b88800d
Software Development Engineer,Oath Inc,"Champaign, IL",https://www.indeed.com/viewjob?jk=2182f93df9116dfa
Entry Level Web Developer,Newcore Technology Group,"Indianapolis, IN",https://www.indeed.com/viewjob?jk=16efd377662a1a3b
Software Engineer Intern,Forcepoint,"Champaign, IL",https://www.indeed.com/viewjob?jk=1864f5aeb51f7945
Software Developer,"Schaefer Systems International, Inc.","Plainfield, IN",https://www.indeed.com/viewjob?jk=757f7e5a557af7bc
Full Stack Intern,Oath Inc,"Champaign, IL",https://www.indeed.com/viewjob?jk=d3dbe0df64558fc8
Software Developer,"AgReliant Genetics, LLC","Westfield, IN",https://www.indeed.com/viewjob?jk=08866b3ae1f67fda
Software Developer,American Alliance of Orthopaedic Executives,"Indianapolis, IN",https://www.indeed.com/viewjob?jk=25912fa49902fb00
Assoc Software Dev Engineer,Oath Inc,"Champaign, IL",https://www.indeed.com/viewjob?jk=97961b050d891eeb
Student Service - SS Web Developer,Purdue University,"West Lafayette, IN",https://www.indeed.com/viewjob?jk=08aa6b95d76fa451
Web Developer Intern,Wolfram,"Champaign, IL",https://www.indeed.com/viewjob?jk=bb234acdffe44afd
Anderson University Intern - The Cube (Software Engineer),Ontario Systems,"Muncie, IN",https://www.indeed.com/viewjob?jk=6e2ea83b4656b7a5
Web Software Engineer (PHP/MySQL),Sweetwater Sound,"Fort Wayne, IN",https://www.indeed.com/viewjob?jk=dee376b0db819714
Software Engineer - Front-end,Zotec Partners,"Carmel, IN",https://www.indeed.com/viewjob?jk=116c3410d2a3b120
Intern - Web Developer - Part Time,CDM Technologies,"Indianapolis, IN",https://www.indeed.com/viewjob?jk=4184605a1501107b
Software Developer,ORS Inc,"Fishers, IN",https://www.indeed.com/viewjob?jk=856be3261f1bda6b
Web Developer,SURFACE 51,"Champaign, IL",https://www.indeed.com/viewjob?jk=6ed4b7355ba7d623
Software Developer,"Point Comfort Underwriters, Inc.","Indianapolis, IN",https://www.indeed.com/viewjob?jk=92073c4b8c8771ee
Front End Engineer,ActiveCampaign,"Indianapolis, IN",https://www.indeed.com/viewjob?jk=37c40c95ba8be9e9
Front end developer,Oath Inc,"Champaign, IL",https://www.indeed.com/viewjob?jk=e42c1fb1ef6c68ba
"Associate Software Engineer, UITS HRMS",Indiana University,"Bloomington, IN",https://www.indeed.com/viewjob?jk=ace00dc527a9c277
JavaScript Developer,Mindfire Technology,"Layton, IN",https://www.indeed.com/viewjob?jk=dd84cb46227e74c5
"Software Engineer - iOS/OSX Swift, Objective-C",Sweetwater Sound,"Fort Wayne, IN",https://www.indeed.com/viewjob?jk=5a71aad811fdab65
2020 Software Engineering Intern,Cox Automotive,"Carmel, IN",https://www.indeed.com/viewjob?jk=11fc840b4888b218
Backend Data Engineer Intern,Oath Inc,"Champaign, IL",https://www.indeed.com/viewjob?jk=cc6ff415d5a235db
"Software Engineering Summer Internship at University of Illinois, Urbana-Champaign Research Park",Cargill,"University of Illinois at Urbana-Champaign, IL",https://www.indeed.com/viewjob?jk=9869429e21f6abfb
Full Stack Developer,SinglePoint,"Indianapolis, IN",https://www.indeed.com/viewjob?jk=dd1f68b9f8294683
Javascript Developer,Seen by Indeed,"Indianapolis, IN",https://www.indeed.com/viewjob?jk=8cb82641ae11ee50
Software Developer,Seen by Indeed,"Indianapolis, IN",https://www.indeed.com/viewjob?jk=267531d0959d71f5
Java Developer,Seen by Indeed,"Indianapolis, IN",https://www.indeed.com/viewjob?jk=0711a6111c09cc93
.NET Developer,Seen by Indeed,"Indianapolis, IN",https://www.indeed.com/viewjob?jk=c0b84e7b1d22d520
AngularJS Developer,Seen by Indeed,"Indianapolis, IN",https://www.indeed.com/viewjob?jk=b2c224faa8b5dd24
Junior Developer,"Lasting Change, Inc.","Fort Wayne, IN",https://www.indeed.com/viewjob?jk=1cbdda852926eb93
Software Engineer - React,LifeOmic,"Indianapolis, IN",https://www.indeed.com/viewjob?jk=8a057af129e24822
Web Software Engineer (PHP/MySQL),Sweetwater Sound,"Fort Wayne, IN",https://www.indeed.com/viewjob?jk=dee376b0db819714
Software Engineer - Front-end,Zotec Partners,"Carmel, IN",https://www.indeed.com/viewjob?jk=116c3410d2a3b120
Software Engineer Intern,Forcepoint,"Champaign, IL",https://www.indeed.com/viewjob?jk=1864f5aeb51f7945
Firmware Engineer,DBSI Services,"Indianapolis, IN",https://www.indeed.com/viewjob?jk=751365c7bbbf805a
Software Developer,"AgReliant Genetics, LLC","Westfield, IN",https://www.indeed.com/viewjob?jk=08866b3ae1f67fda
Software Developer,Bastian Solutions,"Indianapolis, IN",https://www.indeed.com/viewjob?jk=3aa55e34aded2a84
Software Project Engineer,Bastian Solutions,"Indianapolis, IN",https://www.indeed.com/viewjob?jk=7e0f79dc0c20ec88
Software Developer and Application Support,Kemper CPA Group LLP,"Indianapolis, IN",https://www.indeed.com/viewjob?jk=149ded793a485df3
Entry Level Web Developer,Newcore Technology Group,"Indianapolis, IN",https://www.indeed.com/viewjob?jk=16efd377662a1a3b
DevOps Engineer,Aunalytics,"South Bend, IN",https://www.indeed.com/viewjob?jk=517b63d806343e6f
Software Developer Needed for Web Based Project,Rhodes Race Cars,"Merrillville, IN",https://www.indeed.com/viewjob?jk=f7143e3d4cc0a3c6
Software Developers,Prominic.NET,"Champaign, IL",https://www.indeed.com/viewjob?jk=655cc71657aee488
Backend Data Engineer Intern,Oath Inc,"Champaign, IL",https://www.indeed.com/viewjob?jk=cc6ff415d5a235db
Firmware Design Engineer,Mercury Systems,"West Lafayette, IN",https://www.indeed.com/viewjob?jk=07193867bdd0b5ca
Software Developer,ORS Inc,"Fishers, IN",https://www.indeed.com/viewjob?jk=856be3261f1bda6b
Software Developer,Oath Inc,"Champaign, IL",https://www.indeed.com/viewjob?jk=69dd1f35f0ede02f
Mainframe Developer,Drive Zero,"Indianapolis, IN",https://www.indeed.com/viewjob?jk=98dd15895d4bac53
Software Engineer,Zotec Partners,"Carmel, IN",https://www.indeed.com/viewjob?jk=a9eb56c62e32a9ce
FileMaker Application Developer,DB Services,"Indianapolis, IN",https://www.indeed.com/viewjob?jk=5fa5832f1d7ef21a
Diagnostic SW Engineer,L&T Technology Services Ltd.,"Kokomo, IN",https://www.indeed.com/viewjob?jk=9c99e9b3b5e65a13
Software Programmer,IDEALOGIX,"Indianapolis, IN",https://www.indeed.com/viewjob?jk=07639adfff02635e
Research Scientist Positions - Image and Video Analysis Software Development,Saint Mary's College,"Notre Dame, IN",https://www.indeed.com/viewjob?jk=003523acb34e4d6b
JavaScript Developer,Mindfire Technology,"Layton, IN",https://www.indeed.com/viewjob?jk=dd84cb46227e74c5
Software Development and Application Support,Kemper CPA Group,"Indianapolis, IN",https://www.indeed.com/viewjob?jk=b0b7f6ffd3edb622
Software Engineering Manager,Proofpoint,"Indianapolis, IN",https://www.indeed.com/viewjob?jk=a11a5c0183e7bef3
Software Engineer - Distributed Systems,Cloudflare,"Champaign, IL",https://www.indeed.com/viewjob?jk=583e0e69e61e7797
Mainframe Developer,Simplexinfo Systems Inc,"Indianapolis, IN",https://www.indeed.com/viewjob?jk=f3316f34126b8007
Entry Level Accenture Technology Advanced Application Engineer,Accenture,"Indianapolis, IN",https://www.indeed.com/viewjob?jk=5cc64851f97e1394
Flurry FrontEnd Engineer,Oath Inc,"Champaign, IL",https://www.indeed.com/viewjob?jk=bb5ef88fa9de7639
Applications Support Engineer,Horner Automation,"Indianapolis, IN",https://www.indeed.com/viewjob?jk=bb36c760ac7bb5ed
MES Developer / Systems Engineer,Flexware Innovation,"Valparaiso, IN",https://www.indeed.com/viewjob?jk=9de004c2be8ffb4a
UI & Markup Language | Javascript,Eateam,"Indianapolis, IN",https://www.indeed.com/viewjob?jk=6af5d793fc613c69
Principal Software Development Engineer,Oath Inc,"Champaign, IL",https://www.indeed.com/viewjob?jk=420901c9f6ce6f07
Software Engineer (Spring 2020 Co-Op),Motorola Solutions,"Champaign, IL",https://www.indeed.com/viewjob?jk=2a1b11b6b18dd8f7
software developer,Xanatek,"South Bend, IN",https://www.indeed.com/viewjob?jk=2cd14832cd62979e
Intern Student - IT Developer,OneAmerica,"Indianapolis, IN",https://www.indeed.com/viewjob?jk=1ed867c4a069ac63
Full Stack Developer,SinglePoint,"Indianapolis, IN",https://www.indeed.com/viewjob?jk=dd1f68b9f8294683
Machine Learning Engineer,KSM Consulting,"Indianapolis, IN",https://www.indeed.com/viewjob?jk=e9c1ebe97d0ce969
Software Developer (Manufacturing Services),Discount Filters,"Greenwood, IN",https://www.indeed.com/viewjob?jk=f93e1547f3c6f5b2
"Software Engineer - iOS/OSX Swift, Objective-C",Sweetwater Sound,"Fort Wayne, IN",https://www.indeed.com/viewjob?jk=5a71aad811fdab65
Front End Developer,Firefly Integrations,"Elkhart, IN",https://www.indeed.com/viewjob?jk=beadea812c49a6f4
Java Developer,SSI-Schaefer,"Plainfield, IN",https://www.indeed.com/viewjob?jk=9aa574afbcc3499a
Junior Developer,Federal Merchants Corp,"Indianapolis, IN",https://www.indeed.com/viewjob?jk=2a7b22b187f81825
JavaScript Programmer,Sweetwater Sound,"Fort Wayne, IN",https://www.indeed.com/viewjob?jk=c367e5562a9efa66
Software Engineers/Programmers,MatrixSea,"Tinley Park, IL",https://www.indeed.com/viewjob?jk=4ce4c1c8e0c29225
Intern - Web Developer - Part Time,CDM Technologies,"Indianapolis, IN",https://www.indeed.com/viewjob?jk=4184605a1501107b
CAN SW Engineers,L&T Technology Services Ltd.,"Kokomo, IN",https://www.indeed.com/viewjob?jk=f82d18f908227c61
FY20 Graduate Systems Engineer,Analog Devices,"Munster, IN",https://www.indeed.com/viewjob?jk=ed17c8664e94e7f1
Embedded Systems Software Intern,"Radian Research, Inc.","Lafayette, IN",https://www.indeed.com/viewjob?jk=a3419e8c659b60fb
Software Developer,American Alliance of Orthopaedic Executives,"Indianapolis, IN",https://www.indeed.com/viewjob?jk=25912fa49902fb00
Front End Developer,Firefly Integrations,"Elkhart, IN",https://www.indeed.com/viewjob?jk=beadea812c49a6f4
C# Developer,Seen by Indeed,"Indianapolis, IN",https://www.indeed.com/viewjob?jk=cd8d15e71cc15abc
Software Developer,Seen by Indeed,"Indianapolis, IN",https://www.indeed.com/viewjob?jk=267531d0959d71f5
Embedded Systems Software Intern,"Radian Research, Inc.","Lafayette, IN",https://www.indeed.com/viewjob?jk=a3419e8c659b60fb
Javascript Developer,Seen by Indeed,"Indianapolis, IN",https://www.indeed.com/viewjob?jk=8cb82641ae11ee50
Java Developer,Seen by Indeed,"Indianapolis, IN",https://www.indeed.com/viewjob?jk=0711a6111c09cc93
C# Developer,Seen by Indeed,"Indianapolis, IN",https://www.indeed.com/viewjob?jk=cd8d15e71cc15abc
AngularJS Developer,Seen by Indeed,"Indianapolis, IN",https://www.indeed.com/viewjob?jk=b2c224faa8b5dd24
Software Developer,American Alliance of Orthopaedic Executives,"Indianapolis, IN",https://www.indeed.com/viewjob?jk=25912fa49902fb00
.NET Developer,Seen by Indeed,"Indianapolis, IN",https://www.indeed.com/viewjob?jk=c0b84e7b1d22d520
Software Developer,"Point Comfort Underwriters, Inc.","Indianapolis, IN",https://www.indeed.com/viewjob?jk=92073c4b8c8771ee
Java Developer II,SNG INFOTECH,"Indianapolis, IN",https://www.indeed.com/viewjob?jk=0cb77bb631ca0c18
"Software Engineering Summer Internship at University of Illinois, Urbana-Champaign Research Park",Cargill,"University of Illinois at Urbana-Champaign, IL",https://www.indeed.com/viewjob?jk=9869429e21f6abfb
Flurry FrontEnd Engineer,Oath Inc,"Champaign, IL",https://www.indeed.com/viewjob?jk=bb5ef88fa9de7639
Software Developer (Manufacturing Services),Discount Filters,"Greenwood, IN",https://www.indeed.com/viewjob?jk=f93e1547f3c6f5b2
Front-End Developer,Studio Science,"Indianapolis, IN",https://www.indeed.com/viewjob?jk=e06b9fcf7baf3f55
Software Engineer - Distributed Systems,Cloudflare,"Champaign, IL",https://www.indeed.com/viewjob?jk=583e0e69e61e7797
Java Developer,IDEALOGIX,"Indianapolis, IN",https://www.indeed.com/viewjob?jk=eb839a44271c816a
.NET SQL Developer,SinglePoint,"Indianapolis, IN",https://www.indeed.com/viewjob?jk=33e08e295414b3be
Build & Release Engineer,Vavel Game Studios,"Warsaw, IN",https://www.indeed.com/viewjob?jk=1a323eeb427af861
Intern - Web Developer - Part Time,CDM Technologies,"Indianapolis, IN",https://www.indeed.com/viewjob?jk=4184605a1501107b
Entry Level Accenture Technology Advanced Application Engineer,Accenture,"Indianapolis, IN",https://www.indeed.com/viewjob?jk=5cc64851f97e1394
Java Developer,Eateam,"Indianapolis, IN",https://www.indeed.com/viewjob?jk=f4ccac45edae50ba
Machine Learning Engineer,KSM Consulting,"Indianapolis, IN",https://www.indeed.com/viewjob?jk=e9c1ebe97d0ce969
DEVELOPER,Lebermuth Co Inc,"South Bend, IN",https://www.indeed.com/viewjob?jk=bde03a35a2016b2e
Project Manager,Pixo,"Urbana, IL",https://www.indeed.com/viewjob?jk=68926cde8eaa4b4d
UI & Markup Language | Javascript,Eateam,"Indianapolis, IN",https://www.indeed.com/viewjob?jk=6af5d793fc613c69
Front End Developer,Firefly Integrations,"Elkhart, IN",https://www.indeed.com/viewjob?jk=beadea812c49a6f4
Web Developer,SURFACE 51,"Champaign, IL",https://www.indeed.com/viewjob?jk=6ed4b7355ba7d623
Software Developer,"Point Comfort Underwriters, Inc.","Indianapolis, IN",https://www.indeed.com/viewjob?jk=92073c4b8c8771ee
Cobol and Natural/Adabas Programmer,"RYAN Consulting Group, Inc.","Indianapolis, IN",https://www.indeed.com/viewjob?jk=8ad8235abc70060e
Application Analyst III,Goodwill of Central and Southern Indiana,"Indianapolis, IN",https://www.indeed.com/viewjob?jk=c916b91fb683dbb8
Web Developer - Institutional Website (E-Volunteer),Cuso International,"Peru, IN",https://www.indeed.com/viewjob?jk=e2bf03be6916b23c
Data/System Analyst,"Signature Graphics, Inc.","Porter, IN",https://www.indeed.com/viewjob?jk=5b86f8700b8a203a
QE Automation Engineer,Kar Global,"Carmel, IN",https://www.indeed.com/viewjob?jk=74a9ec1b18739cc6
Web Developer,Recruit Rooster,"Indianapolis, IN",https://www.indeed.com/viewjob?jk=5d145ff956cbbedf
Front-End (React) Developer,Studio Science,"Indianapolis, IN",https://www.indeed.com/viewjob?jk=72ffc64eadc2d4e6
JavaScript Programmer,Sweetwater Sound,"Fort Wayne, IN",https://www.indeed.com/viewjob?jk=c367e5562a9efa66
Full LAMP Stack Developer,ATS Acoustics,"Champaign, IL",https://www.indeed.com/viewjob?jk=a4422d8b7961acc8
Web Development Intern Job,AGCO,"Champaign, IL",https://www.indeed.com/viewjob?jk=6065851cfcfa2670
WEB DEVELOPER,The Inertia Group,"Frankfort, IL",https://www.indeed.com/viewjob?jk=34ffdabb52c37f02
Software Engineering Leader,Cummins Inc.,"Indianapolis, IN",https://www.indeed.com/viewjob?jk=2d23b1b25e70ea1f
Full Stack Developer,Tekveo,"Indianapolis, IN",https://www.indeed.com/viewjob?jk=8c76fb672e56a5da
Software Engineer - Network Systems,Cloudflare,"Champaign, IL",https://www.indeed.com/viewjob?jk=2e41b4612b3ed2ce
Lead Software Engineer - Reliability,InVisionApp,"Indianapolis, IN",https://www.indeed.com/viewjob?jk=5300f25e9304ff0b
.Net Developer,Platinum Group,"Indianapolis, IN",https://www.indeed.com/viewjob?jk=62f91b5ab9a2e3d2
Ruby on Rails Developer,Swan Software Solutions,"Carmel, IN",https://www.indeed.com/viewjob?jk=fabdf9fb43430ea6
Support .NET Developer,myCOI,"Indianapolis, IN",https://www.indeed.com/viewjob?jk=6e6b96ab6f637b0d
"Developer I, Product Development (SEI-Archway)",Sei,"Indianapolis, IN",https://www.indeed.com/viewjob?jk=6112444dbaa8f32c
AWS DevOps Engineer,Centerline Solutions,"Indianapolis, IN",https://www.indeed.com/viewjob?jk=11d0e490bb01a84d
Site Reliability Engineer,Blackboard Inc.,"Indianapolis, IN",https://www.indeed.com/viewjob?jk=85e1c5ce8a2bcfca
"Associate Consulting Engineer – Federal (Data Center, MS-Azure, Network Security)",CDW,"Indianapolis, IN",https://www.indeed.com/viewjob?jk=4ac21c5c0c2d2077
Developer capable of building cutting-edge modular HTML5 graphics,infoSentience,"Bloomington, IN",https://www.indeed.com/viewjob?jk=15b606a16aa1a46b
DevOps (DevSecOps) Engineer,U.Group,"Indianapolis, IN",https://www.indeed.com/viewjob?jk=c9510316a5eab8a6
Full Stack PHP Developer,Performant Solutions,"Indianapolis, IN",https://www.indeed.com/viewjob?jk=cb5dcabefb0047f1
Full Stack Developer (.NET),"Net Irrigate, LLC","Bloomington, IN",https://www.indeed.com/viewjob?jk=a785a6e9614ecc7d
Full Stack Internship with Verizon Media Big Data Platforms,Oath Inc,"Champaign, IL",https://www.indeed.com/viewjob?jk=44733cdf270cd0cd
App Support Analyst - Node.js,enVista,"Carmel, IN",https://www.indeed.com/viewjob?jk=82eaf7d6e91075ce
Development Operations Engineer (Dev-Ops),SkuVault,"Indianapolis, IN",https://www.indeed.com/viewjob?jk=552d962ac068e25a
Front end developer,Oath Inc,"Champaign, IL",https://www.indeed.com/viewjob?jk=e42c1fb1ef6c68ba
UI Developer,Xlysi,"Indianapolis, IN",https://www.indeed.com/viewjob?jk=91d06dc7912a3ab1
Software Developer,"Point Comfort Underwriters, Inc.","Indianapolis, IN",https://www.indeed.com/viewjob?jk=92073c4b8c8771ee
.NET Developer,Seen by Indeed,"Indianapolis, IN",https://www.indeed.com/viewjob?jk=c0b84e7b1d22d520
Javascript Developer,Seen by Indeed,"Indianapolis, IN",https://www.indeed.com/viewjob?jk=8cb82641ae11ee50
Java Developer,Seen by Indeed,"Indianapolis, IN",https://www.indeed.com/viewjob?jk=0711a6111c09cc93
Software Developer,American Alliance of Orthopaedic Executives,"Indianapolis, IN",https://www.indeed.com/viewjob?jk=25912fa49902fb00
C# Developer,Seen by Indeed,"Indianapolis, IN",https://www.indeed.com/viewjob?jk=cd8d15e71cc15abc
Development Operations Engineer (Dev-Ops),SkuVault,"Indianapolis, IN",https://www.indeed.com/viewjob?jk=552d962ac068e25a
Ruby on Rails Developer,Swan Software Solutions,"Carmel, IN",https://www.indeed.com/viewjob?jk=fabdf9fb43430ea6
Project Manager,Pixo,"Urbana, IL",https://www.indeed.com/viewjob?jk=68926cde8eaa4b4d
"Chair of Computer Science, Luddy School of Informatics, Computing, and Engineering, Indiana University Bloomington",Indiana University,"Indianapolis, IN",https://www.indeed.com/viewjob?jk=e759b9d73128edf9
DevOps (DevSecOps) Engineer,U.Group,"Indianapolis, IN",https://www.indeed.com/viewjob?jk=c9510316a5eab8a6
AWS DevOps Engineer,Centerline Solutions,"Indianapolis, IN",https://www.indeed.com/viewjob?jk=11d0e490bb01a84d
Professor (Open Rank) - Electrical and Computer Engineering,University of Illinois,"Urbana-Champaign, IL",https://www.indeed.com/viewjob?jk=94ca0b28caef6e47
Site Reliability Engineer,Blackboard Inc.,"Indianapolis, IN",https://www.indeed.com/viewjob?jk=85e1c5ce8a2bcfca
"Lead Mobile Developer with MS Xamarin, C#, Swift",Innomethods Corporation,"Indianapolis, IN",https://www.indeed.com/viewjob?jk=a9830f7168266da2
"Associate Consulting Engineer – Federal (Data Center, MS-Azure, Network Security)",CDW,"Indianapolis, IN",https://www.indeed.com/viewjob?jk=4ac21c5c0c2d2077
AngularJS Developer,Seen by Indeed,"Indianapolis, IN",https://www.indeed.com/viewjob?jk=b2c224faa8b5dd24
Embedded Systems Software Intern,"Radian Research, Inc.","Lafayette, IN",https://www.indeed.com/viewjob?jk=a3419e8c659b60fb
Software Developer,Seen by Indeed,"Indianapolis, IN",https://www.indeed.com/viewjob?jk=267531d0959d71f5
C/C++ Software Engineer,Quoin Inc,"Davidson, NC",https://stackoverflow.com/jobs/314720
Software Engineer,"Jack Henry & Associates, Inc.®","Birmingham, AL",https://stackoverflow.com/jobs/347684
.Net Developer I,Domino's Pizza,"Ann Arbor, MI",https://stackoverflow.com/jobs/347676
Front End Software Engineer,IPD Analytics,"Aventura, FL",https://stackoverflow.com/jobs/347671
Site Reliability Engineer,Loggi,"Jardim Paulista, Brazil",https://stackoverflow.com/jobs/303414
Software Engineer,Loggi,"Jardim Paulista, Brazil",https://stackoverflow.com/jobs/303413
Data Scientist,Brightfield Group,"Chicago, IL",https://stackoverflow.com/jobs/347664
Big Data Developer,Ultra Tendency,"Berlin, Germany",https://stackoverflow.com/jobs/347660
Software Engineer II,Imprivata,"Lexington, MA",https://stackoverflow.com/jobs/347654
C#.Net Developer,Amigo Loans,"Bournemouth, UK",https://stackoverflow.com/jobs/347650
Front-End Developer,Amigo Loans,"Bournemouth, UK",https://stackoverflow.com/jobs/347647
Software Engineer,GeoSLAM,"Nottingham, UK",https://stackoverflow.com/jobs/234844
Junior/Mid-level AngularJS/ReactJS Web Developer,WorkMax by AboutTime Technologies,"Payson, UT",https://stackoverflow.com/jobs/278978
Frontend Developer,Musement  Spa,"Milano, Italy",https://stackoverflow.com/jobs/273432
Engineering and Quality System Administrator,Lutron Electronics,"Coopersburg, PA",https://stackoverflow.com/jobs/314673
Java Developer,Eagle Creek Software Services,"Vermillion, SD",https://stackoverflow.com/jobs/280942
Frontend Developer,Musement  Spa,"Barcelona, Spain",https://stackoverflow.com/jobs/303334
Backend Software Developer,Musement  Spa,"Barcelona, Spain",https://stackoverflow.com/jobs/303325
PHP Web Developers - Junior / Mid-level / Senior,D3R,"London, UK",https://stackoverflow.com/jobs/180969
Front end Developer (Junior - Lead),CM.com,"Breda, Netherlands",https://stackoverflow.com/jobs/314585
ACP Team DevOps,The Home Office,"London, UK",https://stackoverflow.com/jobs/347526
"JAVA ENTWICKLER (m/w/d) in Wolfsburg, Hannover und Dortmund [german mandatory]",BWS Consulting Group GmbH,"Wolfsburg, Deutschland",https://stackoverflow.com/jobs/314578
NodeJS developers wanted to help unlock the potential in everyone,Rullion Ltd,"Altrincham, UK",https://stackoverflow.com/jobs/246369
Frontline API (FLAPI) Developer,The Home Office,"Croydon, UK",https://stackoverflow.com/jobs/347480
Junior UI Designer (m/f/d),EverEstate GmbH,"Berlin, Deutschland",https://stackoverflow.com/jobs/314495
